Agent,Time,Method,Resource,Version,Status
Mozilla/5.0 (Macintosh; Intel Mac OS X 10_12_6) AppleWebKit/537.36 (KHTML like Gecko) Chrome/59.0.3071.115 Safari/537.36,2017-08-11T03:44:03.188Z,GET,/,1.1,200
Mozilla/5.0 (Macintosh; Intel Mac OS X 10_12_6) AppleWebKit/537.36 (KHTML like Gecko) Chrome/59.0.3071.115 Safari/537.36,2017-08-11T03:56:06.378Z,GET,/,1.1,200
Mozilla/5.0 (Macintosh; Intel Mac OS X 10_12_6) AppleWebKit/537.36 (KHTML like Gecko) Chrome/59.0.3071.115 Safari/537.36,2017-08-11T03:56:08.193Z,GET,/,1.1,200
Mozilla/5.0 (Macintosh; Intel Mac OS X 10_12_6) AppleWebKit/537.36 (KHTML like Gecko) Chrome/59.0.3071.115 Safari/537.36,2017-08-11T04:04:35.969Z,GET,/,1.1,200Mozilla/5.0 (Macintosh; Intel Mac OS X 10_12_6) AppleWebKit/537.36 (KHTML like Gecko) Chrome/59.0.3071.115 Safari/537.36,2017-08-11T04:05:53.149Z,GET,/,1.1,200
Mozilla/5.0 (Macintosh; Intel Mac OS X 10_12_6) AppleWebKit/537.36 (KHTML like Gecko) Chrome/59.0.3071.115 Safari/537.36,2017-08-11T04:05:55.827Z,GET,/,1.1,200
Mozilla/5.0 (Macintosh; Intel Mac OS X 10_12_6) AppleWebKit/537.36 (KHTML like Gecko) Chrome/59.0.3071.115 Safari/537.36,2017-08-11T04:06:31.909Z,GET,/,1.1,200
Mozilla/5.0 (Macintosh; Intel Mac OS X 10_12_6) AppleWebKit/537.36 (KHTML like Gecko) Chrome/59.0.3071.115 Safari/537.36,2017-08-11T04:06:47.176Z,GET,/,1.1,200
Mozilla/5.0 (Macintosh; Intel Mac OS X 10_12_6) AppleWebKit/537.36 (KHTML like Gecko) Chrome/59.0.3071.115 Safari/537.36,2017-08-11T04:08:03.189Z,GET,/,1.1,200
node-superagent/2.3.0,2017-08-11T04:08:56.746Z,GET,/,1.1,200
node-superagent/2.3.0,2017-08-11T04:08:56.774Z,GET,/,1.1,200
node-superagent/2.3.0,2017-08-11T04:08:56.781Z,GET,/,1.1,200
node-superagent/2.3.0,2017-08-11T04:08:56.784Z,GET,/,1.1,200
node-superagent/2.3.0,2017-08-11T04:08:56.785Z,GET,/,1.1,200
node-superagent/2.3.0,2017-08-11T04:08:56.787Z,GET,/,1.1,200
node-superagent/2.3.0,2017-08-11T04:08:56.789Z,GET,/,1.1,200
node-superagent/2.3.0,2017-08-11T04:08:56.791Z,GET,/,1.1,200
node-superagent/2.3.0,2017-08-11T04:08:56.794Z,GET,/,1.1,200
node-superagent/2.3.0,2017-08-11T04:08:56.798Z,GET,/,1.1,200
node-superagent/2.3.0,2017-08-11T04:09:45.123Z,GET,/,1.1,200
node-superagent/2.3.0,2017-08-11T04:09:45.151Z,GET,/,1.1,200
node-superagent/2.3.0,2017-08-11T04:09:45.155Z,GET,/,1.1,200
node-superagent/2.3.0,2017-08-11T04:09:45.157Z,GET,/,1.1,200
node-superagent/2.3.0,2017-08-11T04:09:45.159Z,GET,/,1.1,200
node-superagent/2.3.0,2017-08-11T04:09:45.161Z,GET,/,1.1,200
node-superagent/2.3.0,2017-08-11T04:09:45.163Z,GET,/,1.1,200
node-superagent/2.3.0,2017-08-11T04:09:45.166Z,GET,/,1.1,200
node-superagent/2.3.0,2017-08-11T04:09:45.168Z,GET,/,1.1,200
node-superagent/2.3.0,2017-08-11T04:09:45.172Z,GET,/,1.1,200
Mozilla/5.0 (Macintosh; Intel Mac OS X 10_12_6) AppleWebKit/537.36 (KHTML like Gecko) Chrome/59.0.3071.115 Safari/537.36,2017-08-11T04:09:56.494Z,GET,/,1.1,200
Mozilla/5.0 (Macintosh; Intel Mac OS X 10_12_6) AppleWebKit/537.36 (KHTML like Gecko) Chrome/59.0.3071.115 Safari/537.36,2017-08-11T04:10:16.311Z,GET,/,1.1,200
Mozilla/5.0 (Macintosh; Intel Mac OS X 10_12_6) AppleWebKit/537.36 (KHTML like Gecko) Chrome/59.0.3071.115 Safari/537.36,2017-08-11T04:10:38.211Z,GET,/,1.1,200
node-superagent/2.3.0,2017-08-11T04:10:48.392Z,GET,/,1.1,200
node-superagent/2.3.0,2017-08-11T04:10:48.419Z,GET,/,1.1,200
node-superagent/2.3.0,2017-08-11T04:10:48.423Z,GET,/,1.1,200
node-superagent/2.3.0,2017-08-11T04:10:48.425Z,GET,/,1.1,200
node-superagent/2.3.0,2017-08-11T04:10:48.427Z,GET,/,1.1,200
node-superagent/2.3.0,2017-08-11T04:10:48.428Z,GET,/,1.1,200
node-superagent/2.3.0,2017-08-11T04:10:48.430Z,GET,/,1.1,200
node-superagent/2.3.0,2017-08-11T04:10:48.434Z,GET,/,1.1,200
node-superagent/2.3.0,2017-08-11T04:10:48.436Z,GET,/,1.1,200
node-superagent/2.3.0,2017-08-11T04:10:48.439Z,GET,/,1.1,200
Mozilla/5.0 (Macintosh; Intel Mac OS X 10_12_6) AppleWebKit/537.36 (KHTML like Gecko) Chrome/59.0.3071.115 Safari/537.36,2017-08-11T04:11:32.605Z,GET,/,1.1,200
Mozilla/5.0 (Macintosh; Intel Mac OS X 10_12_6) AppleWebKit/537.36 (KHTML like Gecko) Chrome/59.0.3071.115 Safari/537.36,2017-08-11T04:11:37.424Z,GET,/,1.1,200
node-superagent/2.3.0,2017-08-11T04:11:51.953Z,GET,/,1.1,200
node-superagent/2.3.0,2017-08-11T04:11:51.979Z,GET,/,1.1,200
node-superagent/2.3.0,2017-08-11T04:11:51.987Z,GET,/,1.1,200
node-superagent/2.3.0,2017-08-11T04:11:51.990Z,GET,/,1.1,200
node-superagent/2.3.0,2017-08-11T04:11:51.991Z,GET,/,1.1,200
node-superagent/2.3.0,2017-08-11T04:11:51.993Z,GET,/,1.1,200
node-superagent/2.3.0,2017-08-11T04:11:51.995Z,GET,/,1.1,200
node-superagent/2.3.0,2017-08-11T04:11:51.998Z,GET,/,1.1,200
node-superagent/2.3.0,2017-08-11T04:11:52.001Z,GET,/,1.1,200
node-superagent/2.3.0,2017-08-11T04:11:52.008Z,GET,/,1.1,200
node-superagent/2.3.0,2017-08-11T04:12:15.907Z,GET,/,1.1,200
node-superagent/2.3.0,2017-08-11T04:12:15.932Z,GET,/,1.1,200
node-superagent/2.3.0,2017-08-11T04:12:15.940Z,GET,/,1.1,200
node-superagent/2.3.0,2017-08-11T04:12:15.943Z,GET,/,1.1,200
node-superagent/2.3.0,2017-08-11T04:12:15.945Z,GET,/,1.1,200
node-superagent/2.3.0,2017-08-11T04:12:15.946Z,GET,/,1.1,200
node-superagent/2.3.0,2017-08-11T04:12:15.948Z,GET,/,1.1,200
node-superagent/2.3.0,2017-08-11T04:12:15.951Z,GET,/,1.1,200
node-superagent/2.3.0,2017-08-11T04:12:15.954Z,GET,/,1.1,200
node-superagent/2.3.0,2017-08-11T04:12:15.957Z,GET,/,1.1,200
node-superagent/2.3.0,2017-08-11T04:13:37.980Z,GET,/,1.1,200
node-superagent/2.3.0,2017-08-11T04:13:38.003Z,GET,/,1.1,200
node-superagent/2.3.0,2017-08-11T04:13:38.011Z,GET,/,1.1,200
node-superagent/2.3.0,2017-08-11T04:13:38.017Z,GET,/,1.1,200
node-superagent/2.3.0,2017-08-11T04:13:38.019Z,GET,/,1.1,200
node-superagent/2.3.0,2017-08-11T04:13:38.021Z,GET,/,1.1,200
node-superagent/2.3.0,2017-08-11T04:13:38.025Z,GET,/,1.1,200
node-superagent/2.3.0,2017-08-11T04:13:38.028Z,GET,/,1.1,200
node-superagent/2.3.0,2017-08-11T04:13:38.029Z,GET,/,1.1,200
node-superagent/2.3.0,2017-08-11T04:13:38.033Z,GET,/,1.1,200
node-superagent/2.3.0,2017-08-11T04:14:43.562Z,GET,/,HTTP/1.1,200
node-superagent/2.3.0,2017-08-11T04:14:43.585Z,GET,/,HTTP/1.1,200
node-superagent/2.3.0,2017-08-11T04:14:43.593Z,GET,/,HTTP/1.1,200
node-superagent/2.3.0,2017-08-11T04:14:43.599Z,GET,/,HTTP/1.1,200
node-superagent/2.3.0,2017-08-11T04:14:43.600Z,GET,/,HTTP/1.1,200
node-superagent/2.3.0,2017-08-11T04:14:43.602Z,GET,/,HTTP/1.1,200
node-superagent/2.3.0,2017-08-11T04:14:43.604Z,GET,/,HTTP/1.1,200
node-superagent/2.3.0,2017-08-11T04:14:43.607Z,GET,/,HTTP/1.1,200
node-superagent/2.3.0,2017-08-11T04:14:43.609Z,GET,/,HTTP/1.1,200
node-superagent/2.3.0,2017-08-11T04:14:43.612Z,GET,/,HTTP/1.1,200
node-superagent/2.3.0,2017-08-11T04:16:09.914Z,GET,/,HTTP/1.1,200
node-superagent/2.3.0,2017-08-11T04:16:09.936Z,GET,/,HTTP/1.1,200
node-superagent/2.3.0,2017-08-11T04:16:09.945Z,GET,/,HTTP/1.1,200
node-superagent/2.3.0,2017-08-11T04:16:09.950Z,GET,/,HTTP/1.1,200
node-superagent/2.3.0,2017-08-11T04:16:09.952Z,GET,/,HTTP/1.1,200
node-superagent/2.3.0,2017-08-11T04:16:09.954Z,GET,/,HTTP/1.1,200
node-superagent/2.3.0,2017-08-11T04:16:09.956Z,GET,/,HTTP/1.1,200
node-superagent/2.3.0,2017-08-11T04:16:09.959Z,GET,/,HTTP/1.1,200
node-superagent/2.3.0,2017-08-11T04:16:09.961Z,GET,/,HTTP/1.1,200
node-superagent/2.3.0,2017-08-11T04:16:09.964Z,GET,/,HTTP/1.1,200
node-superagent/2.3.0,2017-08-11T04:20:22.295Z,GET,/,HTTP/1.1,200
node-superagent/2.3.0,2017-08-11T04:20:22.315Z,GET,/,HTTP/1.1,200
node-superagent/2.3.0,2017-08-11T04:20:22.324Z,GET,/,HTTP/1.1,200
node-superagent/2.3.0,2017-08-11T04:20:22.329Z,GET,/,HTTP/1.1,200
node-superagent/2.3.0,2017-08-11T04:20:22.331Z,GET,/,HTTP/1.1,200
node-superagent/2.3.0,2017-08-11T04:20:22.333Z,GET,/,HTTP/1.1,200
node-superagent/2.3.0,2017-08-11T04:20:22.334Z,GET,/,HTTP/1.1,200
node-superagent/2.3.0,2017-08-11T04:20:22.337Z,GET,/,HTTP/1.1,200
node-superagent/2.3.0,2017-08-11T04:20:22.338Z,GET,/,HTTP/1.1,200
node-superagent/2.3.0,2017-08-11T04:20:22.342Z,GET,/,HTTP/1.1,200